<?xml version="1.0" encoding="UTF-8"?>

<project name="Manage HR Lister Application Deployment" default="build-all" basedir=".">
	<!-- global properties -->
	<property name="hostName" value="localhost" />
	<property name="connType" value="SOAP" />
	<property name="port" value="8880" />
	<property name="userId" value="wasadmin" />
	<property name="password" value="wasadmin" />
	<property name="appName" value="HRListerEAR" />
	<property name="deployEar.dir" value="d:\scripts\wasscripts\deploy" />
	<property name="deployEar" value="HRListerEAR.ear" />
	<property name="wasHome.dir" value="d:\was8" />
	
    <!-- mbean declarations" -->
	<taskdef name="wsUninstallApp" classname="com.ibm.websphere.ant.tasks.UninstallApplication" />
	<taskdef name="wsInstallApp" classname="com.ibm.websphere.ant.tasks.InstallApplication" />
	<taskdef name="wsListApplications" classname="com.ibm.websphere.ant.tasks.ListApplications" />
	
	<!-- List Target-->
  	<target name="listApplications">
		<wsListApplications 
		wasHome="${wasHome.dir}" 
		conntype="${connType}"
		port="${port}" 
		host="${hostName}" 
		user="${userId}" 
		password="${password}" />
	</target>
	
	<!-- Uninstall Target-->
	<target name="uninstallEAR">
		<wsUninstallApp application="${appName}" 
		wasHome="${wasHome.dir}" 
		conntype="${connType}"
		port="${port}" 
		host="${hostName}" 
		user="${userId}" 
		password="${password}" />
	</target>
	
	<!-- installation Target-->
	<target name="installEAR">
		<echo message="Deployable EAR File found at: ${deployEar.dir}/${deployEar}" />
		<wsInstallApp ear="${deployEar.dir}/${deployEar}"
		options="-appname ${appName}"
		wasHome="${wasHome.dir}" 
		conntype="${connType}"
		port="${port}" 
		host="${hostName}" 
		user="${userId}" 
		password="${password}" />
	</target>

	<target name="build-all" depends="listApplications, uninstallEAR, listApplications, installEAR, listApplications">
		<!--Main Target-->
	</target>

</project>
